WeekStarting,Store,Brand,Advert,Price,Age60,COLLEGE,INCOME,Hincome150,Large HH,Minorities,WorkingWoman,SSTRDIST,SSTRVOL,CPDIST5,CPWVOL5,Quantity,prediction_interval,predicted
1992-05-21,2,dominicks,0,1.69,0.232864734,0.248934934,10.55320518,0.463887065,0.103953406,0.114279949,0.303585347,2.110122129,1.142857143,1.927279669,0.37692661299999997,9664,"[-27311.817141855237, 47038.704179196226]",9863.443518670503
1992-05-28,2,dominicks,0,1.69,0.232864734,0.248934934,10.55320518,0.463887065,0.103953406,0.114279949,0.303585347,2.110122129,1.142857143,1.927279669,0.37692661299999997,45568,"[-43016.37410213791, 62131.14151960304]",9557.383708732577
1992-06-04,2,dominicks,0,1.74,0.232864734,0.248934934,10.55320518,0.463887065,0.103953406,0.114279949,0.303585347,2.110122129,1.142857143,1.927279669,0.37692661299999997,20992,"[-54019.69745864396, 74759.18303865026]",10369.742790003156
1992-06-11,2,dominicks,0,2.09,0.232864734,0.248934934,10.55320518,0.463887065,0.103953406,0.114279949,0.303585347,2.110122129,1.142857143,1.927279669,0.37692661299999997,6592,"[-69643.35876715473, 79057.6838749482]",4707.162553896754
1992-06-18,2,dominicks,0,2.05,0.232864734,0.248934934,10.55320518,0.463887065,0.103953406,0.114279949,0.303585347,2.110122129,1.142857143,1.927279669,0.37692661299999997,4992,"[-77019.39249308094, 89233.42734333761]",6107.01742512834
1992-06-25,2,dominicks,0,1.24,0.232864734,0.248934934,10.55320518,0.463887065,0.103953406,0.114279949,0.303585347,2.110122129,1.142857143,1.927279669,0.37692661299999997,8064,"[-69880.31430733275, 112240.52503916477]",21180.105365916024
1992-07-02,2,dominicks,0,1.61,0.232864734,0.248934934,10.55320518,0.463887065,0.103953406,0.114279949,0.303585347,2.110122129,1.142857143,1.927279669,0.37692661299999997,7360,"[-89853.18755183638, 106859.80171167133]",8503.307079917493
1992-07-09,2,dominicks,0,1.4,0.232864734,0.248934934,10.55320518,0.463887065,0.103953406,0.114279949,0.303585347,2.110122129,1.142857143,1.927279669,0.37692661299999997,10048,"[-89636.62403470672, 120658.40720877518]",15510.891587034244
1992-07-16,2,dominicks,0,1.91,0.232864734,0.248934934,10.55320518,0.463887065,0.103953406,0.114279949,0.303585347,2.110122129,1.142857143,1.927279669,0.37692661299999997,10112,"[-105349.8665791872, 117701.6973839672]",6175.915402390011
1992-07-23,2,dominicks,0,1.69,0.232864734,0.248934934,10.55320518,0.463887065,0.103953406,0.114279949,0.303585347,2.110122129,1.142857143,1.927279669,0.37692661299999997,9152,"[-110338.80606517234, 124778.1865302615]",7219.6902325446
1992-07-30,2,dominicks,1,1.49,0.232864734,0.248934934,10.55320518,0.463887065,0.103953406,0.114279949,0.303585347,2.110122129,1.142857143,1.927279669,0.37692661299999997,36288,"[-98083.17924915059, 148509.6029400964]",25213.211845472913
1992-08-06,2,dominicks,1,1.99,0.232864734,0.248934934,10.55320518,0.463887065,0.103953406,0.114279949,0.303585347,2.110122129,1.142857143,1.927279669,0.37692661299999997,3776,"[-114973.20496047259, 142584.55603411584]",13805.675536821647
1992-08-13,2,dominicks,0,1.97,0.232864734,0.248934934,10.55320518,0.463887065,0.103953406,0.114279949,0.303585347,2.110122129,1.142857143,1.927279669,0.37692661299999997,3328,"[-126993.94508513185, 141080.6718953978]",7043.36340513298
1992-08-20,2,dominicks,0,1.36,0.232864734,0.248934934,10.55320518,0.463887065,0.103953406,0.114279949,0.303585347,2.110122129,1.142857143,1.927279669,0.37692661299999997,13824,"[-126582.85343761742, 151611.3238737882]",12514.235218085403
1992-08-27,2,dominicks,0,1.19,0.232864734,0.248934934,10.55320518,0.463887065,0.103953406,0.114279949,0.303585347,2.110122129,1.142857143,1.927279669,0.37692661299999997,9024,"[-123339.52863092796, 164618.80222734387]",20639.636798207965
1992-09-03,2,dominicks,0,2.09,0.232864734,0.248934934,10.55320518,0.463887065,0.103953406,0.114279949,0.303585347,2.110122129,1.142857143,1.927279669,0.37692661299999997,2048,"[-141692.61361616082, 155709.47166804504]",7008.429025942129
1992-09-10,2,dominicks,0,2.09,0.232864734,0.248934934,10.55320518,0.463887065,0.103953406,0.114279949,0.303585347,2.110122129,1.142857143,1.927279669,0.37692661299999997,1984,"[-147925.26960199, 158629.78312444309]",5352.256761226556
1992-09-17,2,dominicks,0,1.77,0.232864734,0.248934934,10.55320518,0.463887065,0.103953406,0.114279949,0.303585347,2.110122129,1.142857143,1.927279669,0.37692661299999997,4160,"[-145051.59964810256, 170390.9472171202]",12669.673784508846
1992-09-24,2,dominicks,0,1.49,0.232864734,0.248934934,10.55320518,0.463887065,0.103953406,0.114279949,0.303585347,2.110122129,1.142857143,1.927279669,0.37692661299999997,35264,"[-148452.33551370306, 175634.07332432654]",13590.868905311778
1992-10-01,2,dominicks,0,1.82,0.232864734,0.248934934,10.55320518,0.463887065,0.103953406,0.114279949,0.303585347,2.110122129,1.142857143,1.927279669,0.37692661299999997,8640,"[-159141.455647795, 173364.1840250421]",7111.364188623581
1992-05-21,2,minute.maid,1,2.09,0.232864734,0.248934934,10.55320518,0.463887065,0.103953406,0.114279949,0.303585347,2.110122129,1.142857143,1.927279669,0.37692661299999997,22400,"[-7065.8030297674995, 67284.71829128396]",30109.45763075824
1992-05-28,2,minute.maid,0,2.84,0.232864734,0.248934934,10.55320518,0.463887065,0.103953406,0.114279949,0.303585347,2.110122129,1.142857143,1.927279669,0.37692661299999997,3968,"[-47180.78500841072, 57966.73061333023]",5392.972802459766
1992-06-04,2,minute.maid,0,2.89,0.232864734,0.248934934,10.55320518,0.463887065,0.103953406,0.114279949,0.303585347,2.110122129,1.142857143,1.927279669,0.37692661299999997,3264,"[-58171.5708595274, 70607.30963776681]",6217.869389119717
1992-06-11,2,minute.maid,0,2.89,0.232864734,0.248934934,10.55320518,0.463887065,0.103953406,0.114279949,0.303585347,2.110122129,1.142857143,1.927279669,0.37692661299999997,4352,"[-68646.68943605812, 80054.3532060448]",5703.831884993352
1992-06-18,2,minute.maid,0,2.89,0.232864734,0.248934934,10.55320518,0.463887065,0.103953406,0.114279949,0.303585347,2.110122129,1.142857143,1.927279669,0.37692661299999997,4480,"[-76716.72392925441, 89536.09590716414]",6409.685988954884
1992-06-25,2,minute.maid,0,2.52,0.232864734,0.248934934,10.55320518,0.463887065,0.103953406,0.114279949,0.303585347,2.110122129,1.142857143,1.927279669,0.37692661299999997,3840,"[-80942.61080541386, 101178.22854108366]",10117.80886783492
1992-07-02,2,minute.maid,1,2.0,0.232864734,0.248934934,10.55320518,0.463887065,0.103953406,0.114279949,0.303585347,2.110122129,1.142857143,1.927279669,0.37692661299999997,13312,"[-75815.39292783751, 120897.5963356702]",22541.10170391636
1992-07-09,2,minute.maid,1,2.33,0.232864734,0.248934934,10.55320518,0.463887065,0.103953406,0.114279949,0.303585347,2.110122129,1.142857143,1.927279669,0.37692661299999997,3776,"[-83112.37552038647, 127182.65572309543]",22035.1401013545
1992-07-16,2,minute.maid,0,2.89,0.232864734,0.248934934,10.55320518,0.463887065,0.103953406,0.114279949,0.303585347,2.110122129,1.142857143,1.927279669,0.37692661299999997,4800,"[-106019.71888973002, 117031.84507342438]",5506.06309184719
1992-07-23,2,minute.maid,1,2.29,0.232864734,0.248934934,10.55320518,0.463887065,0.103953406,0.114279949,0.303585347,2.110122129,1.142857143,1.927279669,0.37692661299999997,24960,"[-98209.30805019574, 136907.6845452381]",19349.188247521197
1992-07-30,2,minute.maid,0,2.86,0.232864734,0.248934934,10.55320518,0.463887065,0.103953406,0.114279949,0.303585347,2.110122129,1.142857143,1.927279669,0.37692661299999997,4544,"[-118610.24670396272, 127982.53548528427]",4686.144390660794
1992-08-06,2,minute.maid,1,2.81,0.232864734,0.248934934,10.55320518,0.463887065,0.103953406,0.114279949,0.303585347,2.110122129,1.142857143,1.927279669,0.37692661299999997,3968,"[-114306.82088335938, 143250.94011122905]",14472.059613934853
1992-08-13,2,minute.maid,1,1.99,0.232864734,0.248934934,10.55320518,0.463887065,0.103953406,0.114279949,0.303585347,2.110122129,1.142857143,1.927279669,0.37692661299999997,49600,"[-108651.36052744491, 159423.25645308473]",25385.94796281993
1992-08-20,2,minute.maid,1,1.94,0.232864734,0.248934934,10.55320518,0.463887065,0.103953406,0.114279949,0.303585347,2.110122129,1.142857143,1.927279669,0.37692661299999997,23488,"[-83730.53482122945, 194463.6424901762]",55366.55383447338
1992-08-27,2,minute.maid,0,1.69,0.232864734,0.248934934,10.55320518,0.463887065,0.103953406,0.114279949,0.303585347,2.110122129,1.142857143,1.927279669,0.37692661299999997,19008,"[-128521.34169334173, 159436.9891649301]",15457.823735794202
1992-09-03,2,minute.maid,0,1.81,0.232864734,0.248934934,10.55320518,0.463887065,0.103953406,0.114279949,0.303585347,2.110122129,1.142857143,1.927279669,0.37692661299999997,11584,"[-137278.92159195102, 160123.16369225484]",11422.12105015193
1992-09-10,2,minute.maid,1,1.99,0.232864734,0.248934934,10.55320518,0.463887065,0.103953406,0.114279949,0.303585347,2.110122129,1.142857143,1.927279669,0.37692661299999997,26752,"[-128124.87685444602, 178430.1758719871]",25152.64950877056
1992-09-17,2,minute.maid,0,2.83,0.232864734,0.248934934,10.55320518,0.463887065,0.103953406,0.114279949,0.303585347,2.110122129,1.142857143,1.927279669,0.37692661299999997,3904,"[-151869.36521712627, 163573.1816480965]",5851.908215485122
1992-09-24,2,minute.maid,0,2.67,0.232864734,0.248934934,10.55320518,0.463887065,0.103953406,0.114279949,0.303585347,2.110122129,1.142857143,1.927279669,0.37692661299999997,3712,"[-155444.84263367622, 168641.56620435338]",6598.361785338618
1992-10-01,2,minute.maid,1,2.19,0.232864734,0.248934934,10.55320518,0.463887065,0.103953406,0.114279949,0.303585347,2.110122129,1.142857143,1.927279669,0.37692661299999997,41216,"[-143108.37242804613, 189397.26724479097]",23144.447408372434
1992-05-21,2,tropicana,0,3.19,0.232864734,0.248934934,10.55320518,0.463887065,0.103953406,0.114279949,0.303585347,2.110122129,1.142857143,1.927279669,0.37692661299999997,6976,"[-29346.58936815258, 45003.931952898885]",7828.6712923731575
1992-05-28,2,tropicana,0,3.19,0.232864734,0.248934934,10.55320518,0.463887065,0.103953406,0.114279949,0.303585347,2.110122129,1.142857143,1.927279669,0.37692661299999997,7232,"[-45368.80536873708, 59778.710253003876]",7204.952442133406
1992-06-04,2,tropicana,1,2.49,0.232864734,0.248934934,10.55320518,0.463887065,0.103953406,0.114279949,0.303585347,2.110122129,1.142857143,1.927279669,0.37692661299999997,51520,"[-47942.23568197147, 80836.64481532274]",16447.204566675646
1992-06-11,2,tropicana,0,2.21,0.232864734,0.248934934,10.55320518,0.463887065,0.103953406,0.114279949,0.303585347,2.110122129,1.142857143,1.927279669,0.37692661299999997,22272,"[-62024.17067390258, 86676.87196820034]",12326.350647148898
1992-06-18,2,tropicana,1,1.99,0.232864734,0.248934934,10.55320518,0.463887065,0.103953406,0.114279949,0.303585347,2.110122129,1.142857143,1.927279669,0.37692661299999997,46144,"[-35873.92858490281, 130378.89125151574]",47252.48133330648
1992-06-25,2,tropicana,1,3.19,0.232864734,0.248934934,10.55320518,0.463887065,0.103953406,0.114279949,0.303585347,2.110122129,1.142857143,1.927279669,0.37692661299999997,4352,"[-78247.9975466219, 103872.84179987562]",12812.422126626869
1992-07-02,2,tropicana,0,2.69,0.232864734,0.248934934,10.55320518,0.463887065,0.103953406,0.114279949,0.303585347,2.110122129,1.142857143,1.927279669,0.37692661299999997,17280,"[-86538.06810718191, 110174.9211563258]",11818.426524571953
1992-07-09,2,tropicana,0,3.19,0.232864734,0.248934934,10.55320518,0.463887065,0.103953406,0.114279949,0.303585347,2.110122129,1.142857143,1.927279669,0.37692661299999997,5696,"[-97615.49684348912, 112679.53439999279]",7532.018778251846
1992-07-16,2,tropicana,0,3.19,0.232864734,0.248934934,10.55320518,0.463887065,0.103953406,0.114279949,0.303585347,2.110122129,1.142857143,1.927279669,0.37692661299999997,6848,"[-104926.78732612095, 118124.77663703346]",6598.994655456261
1992-07-23,2,tropicana,0,3.19,0.232864734,0.248934934,10.55320518,0.463887065,0.103953406,0.114279949,0.303585347,2.110122129,1.142857143,1.927279669,0.37692661299999997,4416,"[-111624.45784896058, 123492.53474647326]",5934.03844875636
1992-07-30,2,tropicana,0,3.16,0.232864734,0.248934934,10.55320518,0.463887065,0.103953406,0.114279949,0.303585347,2.110122129,1.142857143,1.927279669,0.37692661299999997,4672,"[-116877.97595027578, 129714.80623897121]",6418.41514434773
1992-08-06,2,tropicana,1,3.09,0.232864734,0.248934934,10.55320518,0.463887065,0.103953406,0.114279949,0.303585347,2.110122129,1.142857143,1.927279669,0.37692661299999997,7168,"[-114488.4986357488, 143069.26235883962]",14290.381861545433
1992-08-13,2,tropicana,0,3.19,0.232864734,0.248934934,10.55320518,0.463887065,0.103953406,0.114279949,0.303585347,2.110122129,1.142857143,1.927279669,0.37692661299999997,5056,"[-127300.7329426172, 140773.88403791244]",6736.575547647647
1992-08-20,2,tropicana,1,2.79,0.232864734,0.248934934,10.55320518,0.463887065,0.103953406,0.114279949,0.303585347,2.110122129,1.142857143,1.927279669,0.37692661299999997,13376,"[-118000.06789288014, 160194.10941852548]",21097.02076282269
1992-08-27,2,tropicana,0,2.75,0.232864734,0.248934934,10.55320518,0.463887065,0.103953406,0.114279949,0.303585347,2.110122129,1.142857143,1.927279669,0.37692661299999997,8128,"[-135488.3213347405, 152470.00952353133]",8490.844094395445
1992-09-03,2,tropicana,1,2.49,0.232864734,0.248934934,10.55320518,0.463887065,0.103953406,0.114279949,0.303585347,2.110122129,1.142857143,1.927279669,0.37692661299999997,19456,"[-130944.24225498956, 166457.8430292163]",17756.800387113402
1992-09-10,2,tropicana,0,2.64,0.232864734,0.248934934,10.55320518,0.463887065,0.103953406,0.114279949,0.303585347,2.110122129,1.142857143,1.927279669,0.37692661299999997,10048,"[-144346.36659125143, 162208.6861351817]",8931.15977196516
1992-09-17,2,tropicana,0,3.19,0.232864734,0.248934934,10.55320518,0.463887065,0.103953406,0.114279949,0.303585347,2.110122129,1.142857143,1.927279669,0.37692661299999997,6336,"[-150054.42017624126, 165388.12668898152]",7666.853256370152
1992-09-24,2,tropicana,1,2.79,0.232864734,0.248934934,10.55320518,0.463887065,0.103953406,0.114279949,0.303585347,2.110122129,1.142857143,1.927279669,0.37692661299999997,16192,"[-149188.60908769653, 174897.79975033307]",12854.595331318289
1992-10-01,2,tropicana,0,2.97,0.232864734,0.248934934,10.55320518,0.463887065,0.103953406,0.114279949,0.303585347,2.110122129,1.142857143,1.927279669,0.37692661299999997,5824,"[-156260.16182865575, 176245.47784418135]",9992.658007762831
1992-05-14,5,dominicks,0,1.99,0.117368032,0.32122573,10.92237097,0.535883355,0.103091585,0.053875277,0.410568032,3.801997814,0.681818182,1.600573425,0.736306837,4160,"[-30998.788665889697, 43351.732655161766]",6176.471994636042
1992-05-21,5,dominicks,0,1.69,0.117368032,0.32122573,10.92237097,0.535883355,0.103091585,0.053875277,0.410568032,3.801997814,0.681818182,1.600573425,0.736306837,23488,"[-43107.54871675871, 62039.96690498224]",9466.209094111775
1992-05-28,5,dominicks,0,1.69,0.117368032,0.32122573,10.92237097,0.535883355,0.103091585,0.053875277,0.410568032,3.801997814,0.681818182,1.600573425,0.736306837,60480,"[-56017.51890727764, 72761.36159001658]",8371.92134136947
1992-06-04,5,dominicks,0,1.69,0.117368032,0.32122573,10.92237097,0.535883355,0.103091585,0.053875277,0.410568032,3.801997814,0.681818182,1.600573425,0.736306837,20416,"[-62415.36072139855, 86285.68192070437]",11935.160599652929
1992-06-11,5,dominicks,0,1.99,0.117368032,0.32122573,10.92237097,0.535883355,0.103091585,0.053875277,0.410568032,3.801997814,0.681818182,1.600573425,0.736306837,6336,"[-75723.85318454543, 90528.96665187312]",7402.556733663861
1992-06-25,5,dominicks,0,1.99,0.117368032,0.32122573,10.92237097,0.535883355,0.103091585,0.053875277,0.410568032,3.801997814,0.681818182,1.600573425,0.736306837,1408,"[-90713.16642012712, 105999.82284338059]",7643.328211626752
1992-07-02,5,dominicks,0,1.99,0.117368032,0.32122573,10.92237097,0.535883355,0.103091585,0.053875277,0.410568032,3.801997814,0.681818182,1.600573425,0.736306837,4672,"[-97303.24999129336, 112991.78125218855]",7844.265630447618
1992-07-09,5,dominicks,0,1.29,0.117368032,0.32122573,10.92237097,0.535883355,0.103091585,0.053875277,0.410568032,3.801997814,0.681818182,1.600573425,0.736306837,19520,"[-96913.68082488283, 126137.88313827157]",14612.101156694376
1992-07-16,5,dominicks,0,1.99,0.117368032,0.32122573,10.92237097,0.535883355,0.103091585,0.053875277,0.410568032,3.801997814,0.681818182,1.600573425,0.736306837,7872,"[-111253.43177766538, 123863.56081776846]",6305.064520051563
1992-07-23,5,dominicks,0,1.69,0.117368032,0.32122573,10.92237097,0.535883355,0.103091585,0.053875277,0.410568032,3.801997814,0.681818182,1.600573425,0.736306837,5184,"[-116851.3173897355, 129741.4647995115]",6445.073704888009
1992-07-30,5,dominicks,1,1.49,0.117368032,0.32122573,10.92237097,0.535883355,0.103091585,0.053875277,0.410568032,3.801997814,0.681818182,1.600573425,0.736306837,42240,"[-102203.20666931011, 155354.55432527832]",26575.673827984127
1992-08-06,5,dominicks,1,1.89,0.117368032,0.32122573,10.92237097,0.535883355,0.103091585,0.053875277,0.410568032,3.801997814,0.681818182,1.600573425,0.736306837,6592,"[-119604.97317126617, 148469.64380926348]",14432.335318998672
1992-08-13,5,dominicks,0,1.99,0.117368032,0.32122573,10.92237097,0.535883355,0.103091585,0.053875277,0.410568032,3.801997814,0.681818182,1.600573425,0.736306837,2112,"[-132977.6466914974, 145216.53061990824]",6119.441964205444
1992-08-20,5,dominicks,0,1.79,0.117368032,0.32122573,10.92237097,0.535883355,0.103091585,0.053875277,0.410568032,3.801997814,0.681818182,1.600573425,0.736306837,21248,"[-135236.80094237308, 152721.52991589875]",8742.364486762837
1992-08-27,5,dominicks,0,1.29,0.117368032,0.32122573,10.92237097,0.535883355,0.103091585,0.053875277,0.410568032,3.801997814,0.681818182,1.600573425,0.736306837,1856,"[-135692.44286624034, 161709.64241796552]",13008.59977586261
1992-09-03,5,dominicks,0,1.99,0.117368032,0.32122573,10.92237097,0.535883355,0.103091585,0.053875277,0.410568032,3.801997814,0.681818182,1.600573425,0.736306837,3712,"[-143406.75645877788, 163148.29626765524]",9870.769904438694
1992-09-10,5,dominicks,0,1.85,0.117368032,0.32122573,10.92237097,0.535883355,0.103091585,0.053875277,0.410568032,3.801997814,0.681818182,1.600573425,0.736306837,2688,"[-148561.71220683696, 166880.8346583858]",9159.561225774438
1992-09-17,5,dominicks,0,1.85,0.117368032,0.32122573,10.92237097,0.535883355,0.103091585,0.053875277,0.410568032,3.801997814,0.681818182,1.600573425,0.736306837,6464,"[-151995.3640376327, 172091.0448003969]",10047.84038138212
1992-09-24,5,dominicks,0,1.49,0.117368032,0.32122573,10.92237097,0.535883355,0.103091585,0.053875277,0.410568032,3.801997814,0.681818182,1.600573425,0.736306837,40896,"[-153448.57267665945, 179057.06699617766]",12804.247159759138
1992-10-01,5,dominicks,0,1.85,0.117368032,0.32122573,10.92237097,0.535883355,0.103091585,0.053875277,0.410568032,3.801997814,0.681818182,1.600573425,0.736306837,6144,"[-163037.80192875516, 177679.08998439123]",7320.644027818061
1992-05-14,5,minute.maid,0,2.66,0.117368032,0.32122573,10.92237097,0.535883355,0.103091585,0.053875277,0.410568032,3.801997814,0.681818182,1.600573425,0.736306837,6528,"[-30447.817382062447, 43902.70393898901]",6727.443278463292
1992-05-21,5,minute.maid,1,1.99,0.117368032,0.32122573,10.92237097,0.535883355,0.103091585,0.053875277,0.410568032,3.801997814,0.681818182,1.600573425,0.736306837,30656,"[9047.986552368187, 114195.50217410913]",61621.74436323867
1992-05-28,5,minute.maid,0,2.66,0.117368032,0.32122573,10.92237097,0.535883355,0.103091585,0.053875277,0.410568032,3.801997814,0.681818182,1.600573425,0.736306837,6656,"[-57501.218282805814, 71277.6622144884]",6888.2219658413
1992-06-04,5,minute.maid,0,2.69,0.117368032,0.32122573,10.92237097,0.535883355,0.103091585,0.053875277,0.410568032,3.801997814,0.681818182,1.600573425,0.736306837,4416,"[-67532.49780863045, 81168.54483347248]",6818.02351242103
1992-06-11,5,minute.maid,0,2.69,0.117368032,0.32122573,10.92237097,0.535883355,0.103091585,0.053875277,0.410568032,3.801997814,0.681818182,1.600573425,0.736306837,5696,"[-76537.72176691711, 89715.09806950144]",6588.688151292177
1992-06-25,5,minute.maid,0,2.69,0.117368032,0.32122573,10.92237097,0.535883355,0.103091585,0.053875277,0.410568032,3.801997814,0.681818182,1.600573425,0.736306837,5696,"[-90374.35962759351, 106338.6296359142]",7982.135004160358
1992-07-02,5,minute.maid,1,2.01,0.117368032,0.32122573,10.92237097,0.535883355,0.103091585,0.053875277,0.410568032,3.801997814,0.681818182,1.600573425,0.736306837,39680,"[-76527.05482628383, 133767.97641719808]",28620.460795457147
1992-07-09,5,minute.maid,1,2.19,0.117368032,0.32122573,10.92237097,0.535883355,0.103091585,0.053875277,0.410568032,3.801997814,0.681818182,1.600573425,0.736306837,6208,"[-88776.17009342453, 134275.39386972986]",22749.61188815267
1992-07-16,5,minute.maid,0,2.69,0.117368032,0.32122573,10.92237097,0.535883355,0.103091585,0.053875277,0.410568032,3.801997814,0.681818182,1.600573425,0.736306837,7872,"[-110172.32398994445, 124944.6686054894]",7386.1723077724855
1992-07-23,5,minute.maid,1,2.29,0.117368032,0.32122573,10.92237097,0.535883355,0.103091585,0.053875277,0.410568032,3.801997814,0.681818182,1.600573425,0.736306837,54528,"[-101810.63317192007, 144782.1490173269]",21485.75792270344
1992-07-30,5,minute.maid,0,2.69,0.117368032,0.32122573,10.92237097,0.535883355,0.103091585,0.053875277,0.410568032,3.801997814,0.681818182,1.600573425,0.736306837,6400,"[-121604.53072579566, 135953.23026879277]",7174.349771498569
1992-08-06,5,minute.maid,1,2.65,0.117368032,0.32122573,10.92237097,0.535883355,0.103091585,0.053875277,0.410568032,3.801997814,0.681818182,1.600573425,0.736306837,5888,"[-117650.30257576154, 150424.3144047681]",16387.005914503305
1992-08-13,5,minute.maid,1,1.99,0.117368032,0.32122573,10.92237097,0.535883355,0.103091585,0.053875277,0.410568032,3.801997814,0.681818182,1.600573425,0.736306837,56384,"[-102811.59101592557, 175382.58629548005]",36285.49763977725
1992-08-20,5,minute.maid,1,1.99,0.117368032,0.32122573,10.92237097,0.535883355,0.103091585,0.053875277,0.410568032,3.801997814,0.681818182,1.600573425,0.736306837,27072,"[-82211.6859751167, 205746.64488315512]",61767.47945401923
1992-08-27,5,minute.maid,0,1.69,0.117368032,0.32122573,10.92237097,0.535883355,0.103091585,0.053875277,0.410568032,3.801997814,0.681818182,1.600573425,0.736306837,3840,"[-132198.52462667687, 165203.560657529]",16502.5180154261
1992-09-03,5,minute.maid,0,1.69,0.117368032,0.32122573,10.92237097,0.535883355,0.103091585,0.053875277,0.410568032,3.801997814,0.681818182,1.600573425,0.736306837,6144,"[-134367.2933816292, 172187.75934480393]",18910.232981587385
1992-09-10,5,minute.maid,1,1.99,0.117368032,0.32122573,10.92237097,0.535883355,0.103091585,0.053875277,0.410568032,3.801997814,0.681818182,1.600573425,0.736306837,36416,"[-121207.5442161034, 194235.00264911936]",36513.729216508
1992-09-17,5,minute.maid,0,2.69,0.117368032,0.32122573,10.92237097,0.535883355,0.103091585,0.053875277,0.410568032,3.801997814,0.681818182,1.600573425,0.736306837,5440,"[-153914.61257163997, 170171.79626638963]",8128.591847374857
1992-09-24,5,minute.maid,0,2.49,0.117368032,0.32122573,10.92237097,0.535883355,0.103091585,0.053875277,0.410568032,3.801997814,0.681818182,1.600573425,0.736306837,7680,"[-153341.91862126585, 179163.72105157125]",12910.901215152735
1992-10-01,5,minute.maid,1,2.19,0.117368032,0.32122573,10.92237097,0.535883355,0.103091585,0.053875277,0.410568032,3.801997814,0.681818182,1.600573425,0.736306837,50304,"[-146798.9488187129, 193917.94309443346]",23559.497137860293
1992-05-14,5,tropicana,0,2.99,0.117368032,0.32122573,10.92237097,0.535883355,0.103091585,0.053875277,0.410568032,3.801997814,0.681818182,1.600573425,0.736306837,7680,"[-28832.70206551688, 45517.81925553458]",8342.558595008859
1992-05-21,5,tropicana,0,2.99,0.117368032,0.32122573,10.92237097,0.535883355,0.103091585,0.053875277,0.410568032,3.801997814,0.681818182,1.600573425,0.736306837,8704,"[-42806.003134061204, 62341.51248767975]",9767.754676809276
1992-05-28,5,tropicana,0,2.99,0.117368032,0.32122573,10.92237097,0.535883355,0.103091585,0.053875277,0.410568032,3.801997814,0.681818182,1.600573425,0.736306837,9920,"[-55591.737060644155, 73187.14343665006]",8797.703188002964
1992-06-04,5,tropicana,1,2.49,0.117368032,0.32122573,10.92237097,0.535883355,0.103091585,0.053875277,0.410568032,3.801997814,0.681818182,1.600573425,0.736306837,91968,"[-56243.78159320487, 92457.26104889806]",18106.73972784661
1992-06-11,5,tropicana,0,2.49,0.117368032,0.32122573,10.92237097,0.535883355,0.103091585,0.053875277,0.410568032,3.801997814,0.681818182,1.600573425,0.736306837,44096,"[-71343.65895908236, 94909.1608773362]",11782.750959126939
1992-06-25,5,tropicana,1,2.99,0.117368032,0.32122573,10.92237097,0.535883355,0.103091585,0.053875277,0.410568032,3.801997814,0.681818182,1.600573425,0.736306837,7296,"[-82688.61559158601, 114024.3736719217]",15667.879040167863
1992-07-02,5,tropicana,0,2.69,0.117368032,0.32122573,10.92237097,0.535883355,0.103091585,0.053875277,0.410568032,3.801997814,0.681818182,1.600573425,0.736306837,12928,"[-93809.3654335327, 116485.6658099492]",11338.150188208261
1992-07-09,5,tropicana,0,2.99,0.117368032,0.32122573,10.92237097,0.535883355,0.103091585,0.053875277,0.410568032,3.801997814,0.681818182,1.600573425,0.736306837,6848,"[-104004.06422099378, 119047.49974216061]",7521.717760583422
1992-07-16,5,tropicana,0,2.99,0.117368032,0.32122573,10.92237097,0.535883355,0.103091585,0.053875277,0.410568032,3.801997814,0.681818182,1.600573425,0.736306837,8064,"[-110797.77538611235, 124319.21720932149]",6760.720911604585
1992-07-23,5,tropicana,0,2.99,0.117368032,0.32122573,10.92237097,0.535883355,0.103091585,0.053875277,0.410568032,3.801997814,0.681818182,1.600573425,0.736306837,4992,"[-116932.99319814309, 129659.78899110391]",6363.3978964804255
1992-07-30,5,tropicana,0,2.99,0.117368032,0.32122573,10.92237097,0.535883355,0.103091585,0.053875277,0.410568032,3.801997814,0.681818182,1.600573425,0.736306837,7360,"[-121970.97064782337, 135586.79034676505]",6807.909849470853
1992-08-06,5,tropicana,1,2.89,0.117368032,0.32122573,10.92237097,0.535883355,0.103091585,0.053875277,0.410568032,3.801997814,0.681818182,1.600573425,0.736306837,8384,"[-117491.70126068327, 150582.91571984638]",16545.607229581572
1992-08-13,5,tropicana,0,2.99,0.117368032,0.32122573,10.92237097,0.535883355,0.103091585,0.053875277,0.410568032,3.801997814,0.681818182,1.600573425,0.736306837,8832,"[-132219.93597672993, 145974.2413346757]",6877.152678972897
1992-08-20,5,tropicana,1,2.79,0.117368032,0.32122573,10.92237097,0.535883355,0.103091585,0.053875277,0.410568032,3.801997814,0.681818182,1.600573425,0.736306837,17728,"[-119300.28811809458, 168658.04274017725]",24678.877311041346
1992-08-27,5,tropicana,0,2.99,0.117368032,0.32122573,10.92237097,0.535883355,0.103091585,0.053875277,0.410568032,3.801997814,0.681818182,1.600573425,0.736306837,9600,"[-140770.4831837996, 156631.60210040625]",7930.559458303346
1992-09-03,5,tropicana,1,2.49,0.117368032,0.32122573,10.92237097,0.535883355,0.103091585,0.053875277,0.410568032,3.801997814,0.681818182,1.600573425,0.736306837,25664,"[-132788.12056460723, 173766.93216182588]",20489.405798609343
1992-09-10,5,tropicana,0,2.49,0.117368032,0.32122573,10.92237097,0.535883355,0.103091585,0.053875277,0.410568032,3.801997814,0.681818182,1.600573425,0.736306837,9984,"[-145969.2506862281, 169473.29617899467]",11752.02274638331
1992-09-17,5,tropicana,0,2.99,0.117368032,0.32122573,10.92237097,0.535883355,0.103091585,0.053875277,0.410568032,3.801997814,0.681818182,1.600573425,0.736306837,8576,"[-153746.0832236477, 170340.3256143819]",8297.121195367119
1992-09-24,5,tropicana,1,2.78,0.117368032,0.32122573,10.92237097,0.535883355,0.103091585,0.053875277,0.410568032,3.801997814,0.681818182,1.600573425,0.736306837,13184,"[-149585.28274370855, 182920.35692912855]",16667.537092710027
1992-10-01,5,tropicana,0,2.78,0.117368032,0.32122573,10.92237097,0.535883355,0.103091585,0.053875277,0.410568032,3.801997814,0.681818182,1.600573425,0.736306837,7488,"[-159096.622619424, 181620.2692937224]",11261.82333714922
1992-05-14,8,dominicks,0,1.79,0.252394035,0.095173274,10.59700966,0.054227156,0.131749698,0.035243328,0.283074736,2.636332801,1.5,2.905384316,0.641015947,20160,"[-23368.385899368197, 50982.13542168327]",13806.874761157542
1992-05-21,8,dominicks,0,1.69,0.252394035,0.095173274,10.59700966,0.054227156,0.131749698,0.035243328,0.283074736,2.636332801,1.5,2.905384316,0.641015947,18688,"[-32379.654079299937, 72767.86154244101]",20194.103731570547
1992-05-28,8,dominicks,0,1.69,0.252394035,0.095173274,10.59700966,0.054227156,0.131749698,0.035243328,0.283074736,2.636332801,1.5,2.905384316,0.641015947,133824,"[-44721.30816757209, 84057.57232972213]",19668.13208107503
1992-06-04,8,dominicks,0,1.69,0.252394035,0.095173274,10.59700966,0.054227156,0.131749698,0.035243328,0.283074736,2.636332801,1.5,2.905384316,0.641015947,63488,"[-53444.79833062335, 95256.24431147958]",20905.722990428127
1992-06-11,8,dominicks,0,1.79,0.252394035,0.095173274,10.59700966,0.054227156,0.131749698,0.035243328,0.283074736,2.636332801,1.5,2.905384316,0.641015947,71040,"[-68159.81186819004, 98093.00796822851]",14966.598050019255
1992-06-25,8,dominicks,0,1.79,0.252394035,0.095173274,10.59700966,0.054227156,0.131749698,0.035243328,0.283074736,2.636332801,1.5,2.905384316,0.641015947,15360,"[-82973.34340450136, 113739.64585900636]",15383.151227252516
1992-07-02,8,dominicks,0,1.79,0.252394035,0.095173274,10.59700966,0.054227156,0.131749698,0.035243328,0.283074736,2.636332801,1.5,2.905384316,0.641015947,17728,"[-93239.61885254848, 117055.41239093343]",11907.896769192492
1992-07-09,8,dominicks,0,1.29,0.252394035,0.095173274,10.59700966,0.054227156,0.131749698,0.035243328,0.283074736,2.636332801,1.5,2.905384316,0.641015947,24256,"[-73757.61723567321, 149293.9467274812]",37768.164745904
1992-07-16,8,dominicks,0,1.79,0.252394035,0.095173274,10.59700966,0.054227156,0.131749698,0.035243328,0.283074736,2.636332801,1.5,2.905384316,0.641015947,19968,"[-105190.14818478782, 129926.84441064602]",12368.348112929116
1992-07-23,8,dominicks,0,1.69,0.252394035,0.095173274,10.59700966,0.054227156,0.131749698,0.035243328,0.283074736,2.636332801,1.5,2.905384316,0.641015947,15936,"[-104480.29100704046, 142112.49118220652]",18816.100087583047
1992-07-30,8,dominicks,1,1.49,0.252394035,0.095173274,10.59700966,0.054227156,0.131749698,0.035243328,0.283074736,2.636332801,1.5,2.905384316,0.641015947,76352,"[-60379.841667190194, 197177.91932739824]",68399.03883010404
1992-08-06,8,dominicks,1,1.69,0.252394035,0.095173274,10.59700966,0.054227156,0.131749698,0.035243328,0.283074736,2.636332801,1.5,2.905384316,0.641015947,17408,"[-88175.16105470972, 179899.45592581993]",45862.14743555512
1992-08-13,8,dominicks,0,1.79,0.252394035,0.095173274,10.59700966,0.054227156,0.131749698,0.035243328,0.283074736,2.636332801,1.5,2.905384316,0.641015947,17536,"[-124934.8755288791, 153259.30178252654]",14162.213126823728
1992-08-20,8,dominicks,0,1.59,0.252394035,0.095173274,10.59700966,0.054227156,0.131749698,0.035243328,0.283074736,2.636332801,1.5,2.905384316,0.641015947,31232,"[-125133.95328376362, 162824.37757450822]",18845.212145372312
1992-08-27,8,dominicks,0,1.29,0.252394035,0.095173274,10.59700966,0.054227156,0.131749698,0.035243328,0.283074736,2.636332801,1.5,2.905384316,0.641015947,19200,"[-109936.75619038683, 187465.32909381902]",38764.28645171612
1992-09-03,8,dominicks,0,1.79,0.252394035,0.095173274,10.59700966,0.054227156,0.131749698,0.035243328,0.283074736,2.636332801,1.5,2.905384316,0.641015947,12800,"[-136003.06079317635, 170551.99193325677]",17274.465570040233
1992-09-10,8,dominicks,0,1.79,0.252394035,0.095173274,10.59700966,0.054227156,0.131749698,0.035243328,0.283074736,2.636332801,1.5,2.905384316,0.641015947,15296,"[-140449.38546287737, 174993.1614023454]",17271.887969734023
1992-09-17,8,dominicks,0,1.79,0.252394035,0.095173274,10.59700966,0.054227156,0.131749698,0.035243328,0.283074736,2.636332801,1.5,2.905384316,0.641015947,20992,"[-142766.12033550383, 181320.28850252577]",19277.084083511007
1992-09-24,8,dominicks,0,1.49,0.252394035,0.095173274,10.59700966,0.054227156,0.131749698,0.035243328,0.283074736,2.636332801,1.5,2.905384316,0.641015947,73856,"[-129010.04814369389, 203495.59152914322]",37242.771692724695
1992-10-01,8,dominicks,0,1.79,0.252394035,0.095173274,10.59700966,0.054227156,0.131749698,0.035243328,0.283074736,2.636332801,1.5,2.905384316,0.641015947,16192,"[-157252.873390699, 183464.01852244738]",13105.572565874194
1992-05-14,8,minute.maid,0,2.39,0.252394035,0.095173274,10.59700966,0.054227156,0.131749698,0.035243328,0.283074736,2.636332801,1.5,2.905384316,0.641015947,6400,"[-28176.697047412526, 46173.82427363894]",8998.56361311321
1992-05-21,8,minute.maid,1,1.79,0.252394035,0.095173274,10.59700966,0.054227156,0.131749698,0.035243328,0.283074736,2.636332801,1.5,2.905384316,0.641015947,54592,"[43986.991809173785, 149134.50743091473]",96560.74962004427
1992-05-28,8,minute.maid,0,2.39,0.252394035,0.095173274,10.59700966,0.054227156,0.131749698,0.035243328,0.283074736,2.636332801,1.5,2.905384316,0.641015947,8128,"[-53977.78367189193, 74801.09682540229]",10411.656576755186
1992-06-04,8,minute.maid,0,2.49,0.252394035,0.095173274,10.59700966,0.054227156,0.131749698,0.035243328,0.283074736,2.636332801,1.5,2.905384316,0.641015947,4928,"[-64631.70555965989, 84069.33708244303]",9718.81576139159
1992-06-11,8,minute.maid,0,2.49,0.252394035,0.095173274,10.59700966,0.054227156,0.131749698,0.035243328,0.283074736,2.636332801,1.5,2.905384316,0.641015947,5440,"[-72759.13845268257, 93493.68138373598]",10367.271465526723
1992-06-25,8,minute.maid,0,2.49,0.252394035,0.095173274,10.59700966,0.054227156,0.131749698,0.035243328,0.283074736,2.636332801,1.5,2.905384316,0.641015947,5888,"[-83760.27626708924, 112952.71299641847]",14596.21836466463
1992-07-02,8,minute.maid,1,2.02,0.252394035,0.095173274,10.59700966,0.054227156,0.131749698,0.035243328,0.283074736,2.636332801,1.5,2.905384316,0.641015947,23872,"[-67560.80629689796, 142734.22494658394]",37586.70932484301
1992-07-09,8,minute.maid,1,2.19,0.252394035,0.095173274,10.59700966,0.054227156,0.131749698,0.035243328,0.283074736,2.636332801,1.5,2.905384316,0.641015947,6848,"[-85609.95816311822, 137441.6058000362]",25915.823818458994
1992-07-16,8,minute.maid,0,2.49,0.252394035,0.095173274,10.59700966,0.054227156,0.131749698,0.035243328,0.283074736,2.636332801,1.5,2.905384316,0.641015947,8192,"[-109657.2336161375, 125459.75897929634]",7901.262681579439
1992-07-23,8,minute.maid,1,2.29,0.252394035,0.095173274,10.59700966,0.054227156,0.131749698,0.035243328,0.283074736,2.636332801,1.5,2.905384316,0.641015947,55040,"[-88409.92082382218, 158182.86136542482]",34886.470270801336
1992-07-30,8,minute.maid,0,2.49,0.252394035,0.095173274,10.59700966,0.054227156,0.131749698,0.035243328,0.283074736,2.636332801,1.5,2.905384316,0.641015947,6528,"[-119433.91632989622, 138123.8446646922]",9344.964167398013
1992-08-06,8,minute.maid,1,2.45,0.252394035,0.095173274,10.59700966,0.054227156,0.131749698,0.035243328,0.283074736,2.636332801,1.5,2.905384316,0.641015947,6208,"[-110127.5150735076, 157947.10190702206]",23909.793416757242
1992-08-13,8,minute.maid,1,1.99,0.252394035,0.095173274,10.59700966,0.054227156,0.131749698,0.035243328,0.283074736,2.636332801,1.5,2.905384316,0.641015947,94720,"[-96111.54915303827, 182082.62815836736]",42985.53950266456
1992-08-20,8,minute.maid,1,1.99,0.252394035,0.095173274,10.59700966,0.054227156,0.131749698,0.035243328,0.283074736,2.636332801,1.5,2.905384316,0.641015947,55552,"[-53959.43663381737, 233998.89422445447]",90019.72879531856
1992-08-27,8,minute.maid,0,1.69,0.252394035,0.095173274,10.59700966,0.054227156,0.131749698,0.035243328,0.283074736,2.636332801,1.5,2.905384316,0.641015947,18688,"[-124236.79540014589, 173165.28988405995]",24464.247241957066
1992-09-03,8,minute.maid,0,1.69,0.252394035,0.095173274,10.59700966,0.054227156,0.131749698,0.035243328,0.283074736,2.636332801,1.5,2.905384316,0.641015947,14656,"[-128326.95370268312, 178228.09902375]",24950.57266053345
1992-09-10,8,minute.maid,1,1.99,0.252394035,0.095173274,10.59700966,0.054227156,0.131749698,0.035243328,0.283074736,2.636332801,1.5,2.905384316,0.641015947,30144,"[-119132.96998568154, 196309.57687954122]",38588.30344692986
1992-09-17,8,minute.maid,0,2.49,0.252394035,0.095173274,10.59700966,0.054227156,0.131749698,0.035243328,0.283074736,2.636332801,1.5,2.905384316,0.641015947,6208,"[-151365.96974219813, 172720.43909583148]",10677.234676816708
1992-09-24,8,minute.maid,0,2.49,0.252394035,0.095173274,10.59700966,0.054227156,0.131749698,0.035243328,0.283074736,2.636332801,1.5,2.905384316,0.641015947,7104,"[-151950.81096749817, 180554.82870533894]",14302.008868920404
1992-10-01,8,minute.maid,1,2.19,0.252394035,0.095173274,10.59700966,0.054227156,0.131749698,0.035243328,0.283074736,2.636332801,1.5,2.905384316,0.641015947,65856,"[-144263.23732699658, 196453.65458614985]",26095.20862957665
1992-05-14,8,tropicana,0,2.89,0.252394035,0.095173274,10.59700966,0.054227156,0.131749698,0.035243328,0.283074736,2.636332801,1.5,2.905384316,0.641015947,12864,"[-26638.909737525453, 47711.61158352601]",10536.350923000286
1992-05-21,8,tropicana,0,2.89,0.252394035,0.095173274,10.59700966,0.054227156,0.131749698,0.035243328,0.283074736,2.636332801,1.5,2.905384316,0.641015947,7168,"[-41642.854785645446, 63504.66083609551]",10930.903025225038
1992-05-28,8,tropicana,0,2.89,0.252394035,0.095173274,10.59700966,0.054227156,0.131749698,0.035243328,0.283074736,2.636332801,1.5,2.905384316,0.641015947,9024,"[-53617.95748838929, 75160.92300890492]",10771.482760257826
1992-06-04,8,tropicana,1,2.49,0.252394035,0.095173274,10.59700966,0.054227156,0.131749698,0.035243328,0.283074736,2.636332801,1.5,2.905384316,0.641015947,84992,"[-49651.09639091218, 99049.94625119075]",24699.424930139303
1992-06-11,8,tropicana,0,2.49,0.252394035,0.095173274,10.59700966,0.054227156,0.131749698,0.035243328,0.283074736,2.636332801,1.5,2.905384316,0.641015947,14144,"[-69733.79662012025, 96519.0232162983]",13392.61329808904
1992-06-25,8,tropicana,1,2.89,0.252394035,0.095173274,10.59700966,0.054227156,0.131749698,0.035243328,0.283074736,2.636332801,1.5,2.905384316,0.641015947,7488,"[-64099.65771434349, 132613.33154916423]",34256.83691741038
1992-07-02,8,tropicana,0,2.69,0.252394035,0.095173274,10.59700966,0.054227156,0.131749698,0.035243328,0.283074736,2.636332801,1.5,2.905384316,0.641015947,12352,"[-92104.22381710957, 118190.80742637234]",13043.291804631408
1992-07-09,8,tropicana,0,2.89,0.252394035,0.095173274,10.59700966,0.054227156,0.131749698,0.035243328,0.283074736,2.636332801,1.5,2.905384316,0.641015947,5696,"[-103109.44866145881, 119942.1153016956]",8416.333320118394
1992-07-16,8,tropicana,0,2.89,0.252394035,0.095173274,10.59700966,0.054227156,0.131749698,0.035243328,0.283074736,2.636332801,1.5,2.905384316,0.641015947,7680,"[-109739.17721387948, 125377.81538155436]",7819.31908383745
1992-07-23,8,tropicana,0,2.89,0.252394035,0.095173274,10.59700966,0.054227156,0.131749698,0.035243328,0.283074736,2.636332801,1.5,2.905384316,0.641015947,5440,"[-116322.30023534354, 130270.48195390345]",6974.090859279969
1992-07-30,8,tropicana,0,2.89,0.252394035,0.095173274,10.59700966,0.054227156,0.131749698,0.035243328,0.283074736,2.636332801,1.5,2.905384316,0.641015947,5632,"[-120251.90094512001, 137305.8600494684]",8526.979552174216
1992-08-06,8,tropicana,1,2.79,0.252394035,0.095173274,10.59700966,0.054227156,0.131749698,0.035243328,0.283074736,2.636332801,1.5,2.905384316,0.641015947,8960,"[-111302.39882204344, 156772.2181584862]",22734.909668221408
1992-08-13,8,tropicana,0,2.89,0.252394035,0.095173274,10.59700966,0.054227156,0.131749698,0.035243328,0.283074736,2.636332801,1.5,2.905384316,0.641015947,6080,"[-130235.04071927752, 147959.1365921281]",8862.047936425311
1992-08-20,8,tropicana,1,2.79,0.252394035,0.095173274,10.59700966,0.054227156,0.131749698,0.035243328,0.283074736,2.636332801,1.5,2.905384316,0.641015947,8576,"[-79323.63915865665, 208634.69169961518]",64655.526270479284
1992-08-27,8,tropicana,0,2.89,0.252394035,0.095173274,10.59700966,0.054227156,0.131749698,0.035243328,0.283074736,2.636332801,1.5,2.905384316,0.641015947,8000,"[-139245.84772808335, 158156.2375561225]",9455.194914019607
1992-09-03,8,tropicana,1,2.49,0.252394035,0.095173274,10.59700966,0.054227156,0.131749698,0.035243328,0.283074736,2.636332801,1.5,2.905384316,0.641015947,21760,"[-128594.22346049576, 177960.82926593735]",24683.302902720818
1992-09-10,8,tropicana,0,2.49,0.252394035,0.095173274,10.59700966,0.054227156,0.131749698,0.035243328,0.283074736,2.636332801,1.5,2.905384316,0.641015947,12800,"[-145203.06186417685, 170239.48500104592]",12518.211568434548
1992-09-17,8,tropicana,0,2.89,0.252394035,0.095173274,10.59700966,0.054227156,0.131749698,0.035243328,0.283074736,2.636332801,1.5,2.905384316,0.641015947,10112,"[-153899.62784910286, 170186.78098892674]",8143.576569911959
1992-09-24,8,tropicana,1,2.79,0.252394035,0.095173274,10.59700966,0.054227156,0.131749698,0.035243328,0.283074736,2.636332801,1.5,2.905384316,0.641015947,10304,"[-133088.02175539616, 199417.61791744095]",33164.79808102244
1992-10-01,8,tropicana,0,2.89,0.252394035,0.095173274,10.59700966,0.054227156,0.131749698,0.035243328,0.283074736,2.636332801,1.5,2.905384316,0.641015947,6400,"[-157889.5568591618, 182827.3350539846]",12468.889097411407
